Page,Edits,Editors,Views
"Зеленський Володимир Олександрович",373,68,302670
"Вибори Президента України 2019",183,50,154066
"Порошенко Петро Олексійович",113,36,144704
"Україна",17,12,104973
"Собор Паризької Богоматері",67,47,84995
"Перехід церковних громад до ПЦУ",70,17,81719
"Апаршин Іван Михайлович",9,4,58793
"Рябошапка Руслан Георгійович",10,4,57429
"Пальчевський Андрій Іванович",42,16,55642
"Вибори Президента України 2014",8,3,50241
"Разумков Олександр Васильович",2,2,50208
"Разумков Дмитро Олександрович",21,9,48832
"Шевченко Тарас Григорович",1,1,47284
"Порошенко Марина Анатоліївна",8,5,46991
"Великдень",12,8,44654
"Соколова Яніна Михайлівна",3,3,44422
"Коломойський Ігор Валерійович",34,10,43905
"Друга світова війна",0,0,43073
"Президент України",42,19,42077
"Роттердам плюс",4,3,41298
"Чорнобильська катастрофа",20,15,39163
"Баканов Іван Геннадійович",18,5,38950
"Леся Українка",7,4,38787
"Список президентів України",5,5,36775
"Данилюк Олександр Олександрович",1,1,33866
"Муха Оксана Володимирівна",6,4,33325
"Манжосов Денис Володимирович",31,6,32687
"Київ",21,4,32422
"Сполучені Штати Америки",0,0,30589
"Населення України",1,1,28866
"Бароко",2,2,28804
"Класицизм",7,5,28481
"Месники: Завершення",72,21,28474
"Велика Британія",2,2,28367
"Вибори Президента України 2010",3,2,28261
"Німеччина",1,1,28030
"Смешко Ігор Петрович",12,8,27332
"Європейський Союз",9,3,26310
"Таємне Товариство Боягузів, або Засіб від переляку № 9",6,5,26271
"Янукович Віктор Федорович",4,4,25548
"Білки",0,0,25546
"Зеленський Олександр Семенович",13,9,25220
"Стефанчук Руслан Олексійович",12,5,25091
"Мішані ліси України",0,0,25056
"Тварини Червоної книги України",1,1,24756
"Гра престолів (сезон 8)",11,7,24068
"Природні заповідники України",6,6,23631
"Війна на сході України",10,6,23283
"Тимошенко Юлія Володимирівна",3,2,23141
"Втрати силових структур внаслідок російського вторгнення в Україну (з квітня 2019 року)",0,0,23101
"Польща",1,1,22800
"Міщанин-шляхтич",2,2,22626
"Львів",2,2,22427
"Канада",1,1,22419
"Вибори Президента України 2019 (соціологічні опитування)",26,10,22151
"Слуга народу (політична партія)",0,0,21882
".torrent",0,0,21671
"Гай Юлій Цезар",16,9,21470
"Амінокислоти",2,1,21293
"Крохмаль",2,2,21169
"Список українських жіночих імен",0,0,20795
"Жири",3,3,20786
"Ющенко Віктор Андрійович",0,0,20583
"Дніпро",6,6,20550
"Вірус",10,6,20338
"НАТО",0,0,20312
"Постмодернізм",22,1,20097
"Перша світова війна",18,4,20078
"Чорне море",6,4,19980
"Я, ти, він, вона (фільм, 2018)",13,5,19912
"Великоднє привітання",1,1,19866
"Франція",7,5,19859
"Український степ",6,4,19710
"Парламентські вибори в Україні 2019",23,13,19678
"Студія Квартал-95",0,0,19577
"Прислівник",0,0,19536
"Рослини",2,2,19521
"Гладковський Олег Володимирович",8,6,19403
"Кучма Леонід Данилович",1,1,19340
"Квітка Цісик",5,5,19336
"Верховна Рада України",1,1,19114
"Японія",2,1,19073
"Оцтова кислота",0,0,19035
"Слуга народу (серіал, 2015)",0,0,18966
"Мостова Юлія Володимирівна",1,1,18615
"Український лісостеп",0,0,18541
"Італія",3,3,18399
"Неоподатковуваний мінімум",0,0,18328
"Євразія",9,4,18304
"Лісова пісня",3,3,18144
"Кір",4,3,18107
"Дебати",6,5,18104
"Винниченко Володимир Кирилович",2,2,17967
"Благовіщення",0,0,17893
"Гриценко Анатолій Степанович",5,3,17886
"Грушевський Михайло Сергійович",11,7,17880
"Кравчук Леонід Макарович",3,1,17848
"Поведінка",2,2,17757
"Стус Василь Семенович",1,1,17753
"Вибори Президента України 2004",0,0,17747
"Азовське море",4,4,17728
"Галицько-Волинське князівство",1,1,17670
"Тичина Павло Григорович",3,2,17603
"Сузір'я",0,0,17568
"Вуглеводи",0,0,17562
"Глюкоза",1,1,17551
"Іван Мазепа",4,4,17339
"Червона книга України",69,3,17338
"Костенко Ліна Василівна",3,3,17291
"Асканія-Нова (заповідник)",3,2,17002
"Столипінська реформа",2,2,16930
"Бактерії",2,2,16829
"Природний добір",0,0,16754
"Мосейчук Наталія Миколаївна",24,13,16688
"Булгаков Михайло Опанасович",2,2,16678
"Гімн України",0,0,16398
"Шістдесятники",0,0,16377
"Вербна неділя (християнство)",3,1,16166
"Збройні сили України",4,3,16082
"Конституція України",7,4,16043
"Список країн Європейського Союзу",0,0,16031
"Бразилія",1,1,15891
"Бандера Степан Андрійович",0,0,15776
"Індія",3,3,15765
"Як довго я на тебе чекала (телесеріал)",0,0,15745
"Список українських чоловічих імен",0,0,15712
"Гройсман Володимир Борисович",2,2,15657
"Революція гідності",1,1,15599
"Пігмаліон (п'єса)",1,1,15568
"Родовий відмінок однини іменників чоловічого роду другої відміни",0,0,15562
"Послідовне і паралельне з'єднання провідників",0,0,15552
"Порошенко Олексій Петрович",2,2,15530
"Куліш Пантелеймон Олександрович",11,7,15530
"Софійський собор (Київ)",0,0,15473
"Пакт Молотова — Ріббентропа",4,3,15440
"Екосистема",6,3,15410
"Гриби",4,3,15316
"Демократія",1,1,15290
"Список держав та залежних територій Європи",2,1,15247
"Православна церква України",38,17,15231
"Революція 1905—1907",3,2,15226
"Займенник",0,0,15177
"Союз Радянських Соціалістичних Республік",2,2,15156
"Українська абетка",0,0,15151
"Австралія",3,3,15040
"Інша (телесеріал)",22,3,14997
"СНІД",0,0,14960
"Організація українських націоналістів",13,3,14948
"Тютюнник Григір Михайлович",8,5,14869
"Інтернет",8,5,14821
"Благодатний вогонь",1,1,14737
"Романтизм",0,0,14657
"Туберкульоз",5,1,14618
"Нормативно-правовий акт",1,1,14601
"Помаранчева революція",4,2,14587
"Яйцеклітина",0,0,14559
"YouTube",7,6,14469
"Кіновсесвіт Marvel",11,5,14455
"Порошенко Олексій Іванович",2,2,14454
"Імпічмент в Україні",0,0,14405
"Гра престолів (телесеріал)",1,1,14399
"Рей Бредбері",3,3,14362
"Київська Русь",1,1,14349
"Франко Іван Якович",1,1,14340
"Аутизм",8,4,14320
"Кароль Тіна Григорівна",0,0,14317
"Природна зона",2,2,14284
"Путін Володимир Володимирович",17,5,14234
"Зеленська Олена Володимирівна",76,20,14198
"Шарій Анатолій Анатолійович",12,5,14154
"Імпічмент",1,1,14123
"Швейцарія",1,1,14041
"Спирти",0,0,14033
"Кабінет Міністрів України",2,2,14018
"Данило Галицький",11,8,13992
"Росія",1,1,13990
"Богдан Хмельницький",2,2,13846
"Етанол",5,4,13797
"Екологічні фактори",0,0,13786
"Адміністративна відповідальність",0,0,13678
"Перебудова",1,1,13660
"Холодна війна",1,1,13585
"Тварини",2,1,13556
"Мило",0,0,13524
"Права людини",4,4,13515
"Чорновіл В'ячеслав Максимович",6,4,13440
"LEGO",0,0,13427
"Інфляція",0,0,13364
"Паска",15,5,13317
"Організація Об'єднаних Націй",4,2,13294
"Голодомор в Україні (1932—1933)",0,0,13290
"Писанка",1,1,13242
"Складнопідрядне речення",0,0,13222
"Мутація",0,0,13198
"Око",2,2,13191
"Українські політичні партії XIX — початку XX століть",0,0,13184
"Гончар Олесь Терентійович",7,6,13138
"Китай",0,0,13124
"Вороний Микола Кіндратович",1,1,13086
"Медведчук Віктор Володимирович",1,1,13071
"Римська імперія",6,6,13031
"Адольф Гітлер",3,1,13026
"Роальд Дал",10,5,13004
"Рослини Червоної книги України",0,0,12990
"Олег Ольжич",10,8,12927
"Закони Ньютона",0,0,12921
"Мольєр",1,1,12904
"Вибори Президента України 1999",1,1,12903
"Модифікаційна мінливість",0,0,12891
"Популяція",0,0,12875
"Просвітництво",1,1,12810
"Національна поліція України",2,2,12803
"Скарлатина",0,0,12799
"Пугачова Алла Борисівна",2,2,12753
"Вибори Президента України 1994",4,2,12742
"Українська Народна Республіка",2,2,12710
"Facebook",10,7,12689
"Марта Борщ",1,1,12644
"Сім чудес світу",0,0,12640
"Список країн світу",0,0,12606
"Відродження",0,0,12594
"Карпатська Україна",1,1,12581
"Цукровий діабет",2,2,12548
"Османська імперія",3,2,12526
"Міграція тварин",3,3,12516
"Інфекційні захворювання",2,2,12444
"Вибори Президента України 1991",0,0,12334
"Піхва жінки",1,1,12316
"Вода",8,8,12295
"Єгипет",0,0,12288
"Екзит-пол",0,0,12243
"Українська повстанська армія",43,4,12237
"Християнство",0,0,12217
"Ломаченко Василь Анатолійович",14,5,12209
"Складносурядне речення",0,0,12169
"Українська мова",2,2,12148
"Теліга Олена Іванівна",0,0,12105
"Символізм",0,0,12102
"Список країн Європи за площею",4,2,12073
"Стародавній Рим",0,0,12072
"Пневмонія",1,1,12016
"LP (співачка)",0,0,11916
"Шолом-Алейхем",6,4,11905
"Туреччина",0,0,11894
"Література бароко",2,2,11886
"Карбонові кислоти",0,0,11860
"Проголошення незалежності України 1991",0,0,11858
"Мона Ліза",2,2,11745
"Вибори Президента України",38,7,11670
"Каденюк Леонід Костянтинович",7,6,11666
"Нова економічна політика",3,2,11605
"Закон Ома",0,0,11574
"Надзвичайна ситуація",1,1,11567
"Валовий внутрішній продукт",3,3,11552
"Гра престолів",29,11,11523
"Правила вживання апострофа в українській мові",0,0,11474
"Целюлоза",0,0,11441
"Єлизавета II",4,4,11427
"Економіка України",30,11,11404
"Гагарін Юрій Олексійович",19,6,11401
"Прямокутний трикутник",0,0,11393
"Рильський Максим Тадейович",2,2,11379
"Бернард Шоу",2,2,11375
"Сахароза",0,0,11353
"Закон Архімеда",2,2,11339
"BTS",17,12,11338
"Партія регіонів",1,1,11328
"Глібов Леонід Іванович",0,0,11255
"Скоропадський Павло Петрович",5,3,11235
"Українське бароко",0,0,11215
"Українська греко-католицька церква",0,0,11194
"Полімери",0,0,11185
"Сковорода Григорій Савич",0,0,11169
"Список кодів МКХ-10",0,0,11167
"Конституція Пилипа Орлика",1,1,11136
"Екологія",3,3,11098
"Австрія",4,4,11086
"Dan Balan",0,0,11053
"Чорнобиль",6,6,11034
"Космонавтика України",18,11,10994
"Андрей (Шептицький)",2,2,10940
"Рошен",2,1,10935
"Сифіліс",5,2,10900
"Милорад Павич",4,4,10878
"Угорщина",2,2,10871
"Шрі-Ланка",1,1,10855
"Поль Верлен",0,0,10825
"Охлократія",0,0,10823
"Тихий океан",1,1,10808
"Теорія еволюції",0,0,10797
"Воронина Леся Анастасіївна",0,0,10788
"Закони Менделя",3,3,10762
"Біллі Айліш",6,5,10748
"Євромайдан",3,3,10725
"Цигани",2,2,10660
"Машинобудування",1,1,10651
"Код ЄДРПОУ",0,0,10650
"Сперматозоїд",0,0,10634
"Електричний опір",1,1,10596
"Ланцюг живлення",2,2,10581
"Модернізм",0,0,10569
"Кудря Наталія Іванівна",7,6,10559
"Розстріляне відродження",1,1,10544
"Мітоз",1,1,10542
"Українська Центральна Рада",0,0,10532
"Інгулець (футбольний клуб)",5,4,10502
"Кошовий Євген Вікторович",0,0,10500
"Фотосинтез",0,0,10488
"Емманюель Макрон",1,1,10478
"Африка",1,1,10477
"Електричний струм",3,1,10451
"Гліцерин",1,1,10445
"Населення Землі",1,1,10403
"Києво-Печерська лавра",3,3,10377
"Кривий Ріг",3,3,10290
"Забруднення повітря",0,0,10264
"Ґрунти України",3,3,10211
"Сонячна система",0,0,10206
"Міста України (за населенням)",0,0,10163
"Еволюція",1,1,10141
"Біосфера",0,0,10136
"Аміни",0,0,10125
"Прийменник",2,2,10115
"Північна Америка",3,3,10103
"Вінстон Черчилль",3,3,10097
"Руїна",1,1,10077
"Список країн за населенням",0,0,10072
"Податок на додану вартість",4,2,10066
"Дніпро (місто)",17,11,10029
"Олександр Олесь",1,1,10022
"Дунай",3,3,9991
"Сталий розвиток",1,1,9986
"Кримські гори",0,0,9965
"Ісус Христос",8,5,9963
"Нервова система",3,3,9951
"Список 250 найрейтинговіших фільмів IMDb",0,0,9947
"Забужко Оксана Стефанівна",2,2,9922
"Страсна п'ятниця",0,0,9907
"Гетьманщина",0,0,9900
"Внутрішня енергія",0,0,9893
"Українські Карпати",1,1,9892
"Білорусь",5,4,9869
"Історія України",6,1,9865
"Томос",18,9,9861
"Гордон Дмитро Ілліч",6,4,9850
"Річ Посполита",4,2,9849
"Машинобудування України",1,1,9832
"DZIDZIO Перший раз",3,2,9784
"Монополія",0,0,9782
"ПриватБанк",19,11,9780
"Мохи",2,2,9742
"Після (фільм)",1,1,9732
"Структура білків",0,0,9693
"Сталін Йосип Віссаріонович",1,1,9691
"Марш українських націоналістів (пісня)",0,0,9650
"Спадкові захворювання",2,2,9628
"Євреї",0,0,9623
"Мінливість біологічна",0,0,9605
"Артюр Рембо",4,3,9588
"Радіоактивність",0,0,9579
"Одеса",6,6,9576
"Вітряна віспа",1,1,9570
"Чорна рада (роман)",0,0,9561
"Ізраїль",2,2,9554
"Корольов Сергій Павлович",4,4,9552
"Карпати",0,0,9552
"Прикметник",0,0,9543
"Іспанія",0,0,9521
"Потужність електричного струму",2,2,9512
"Форма державного правління",0,0,9505
"Судова система України",1,1,9503
"Бій під Крутами",0,0,9501
"Кобзар (збірка)",2,2,9501
"Столиці країн Європи",2,2,9497
"Міграція населення",0,0,9493
"Запорозька Січ",1,1,9491
"Солі (хімія)",0,0,9467
"Велике князівство Литовське",1,1,9436
"Політична партія «Сила і честь»",0,0,9422
"Атлантичний океан",0,0,9407
"Кирило Розумовський",3,3,9393
"Втрати силових структур внаслідок російського вторгнення в Україну",0,0,9376
"Івано-Франківськ",6,5,9375
"Дієслово",0,0,9367
"Атмосферний тиск",2,2,9366
"Сонце",0,0,9346
"Петро I",7,5,9344
"Українська Радянська Соціалістична Республіка",1,1,9342
"Принцип Парето",0,0,9338
"Естери",1,1,9302
"Нідерланди",1,1,9290
"Список столиць країн світу",13,1,9279
"Покритонасінні",2,2,9239
"Без обмежень",5,1,9209
"Прем'єр-міністр України",1,1,9203
"Ляльковий дім",1,1,9189
"Генотерапія",7,4,9185
"Полякова Ольга Юріївна",0,0,9176
"Поворознюк Олександр Григорович",0,0,9164
"Злочин",5,3,9157
"Прийменник в українській мові",1,1,9144
"Харків",7,7,9119
"Універсали Української Центральної Ради",0,0,9113
"Довженко Олександр Петрович",1,1,9109
"Список фільмів за коміксами Marvel",0,0,9104
"Громадянське суспільство",0,0,9096
"Список президентів США",2,2,9088
"Танк (фільм)",1,1,9084
"Російська імперія",0,0,9061
"Рональд Рейган",0,0,9029
"Англійська мова",7,4,9019
"Шизофренія",1,1,9013
"Культура",2,2,9006
"Список об'єктів Світової спадщини ЮНЕСКО в Україні",2,2,8996
"Національний дендрологічний парк «Софіївка»",1,1,8993
"Анексія Криму Росією (2014)",0,0,8981
"Конфлікт",0,0,8977
"Ідентифікаційний номер фізичної особи",0,0,8976
"Західноукраїнська Народна Республіка",0,0,8973
"Дієприкметник",0,0,8972
"Шарль Бодлер",8,3,8941
"Сила струму",2,2,8889
"Співдружність Незалежних Держав",1,1,8872
"Винничук Юрій Павлович",5,4,8840
"Національний спортивний комплекс «Олімпійський»",3,3,8839
"451 градус за Фаренгейтом",0,0,8835
"Притула Сергій Дмитрович",4,4,8821
"Ссавці",2,2,8787
"Тиск",0,0,8778
"Кудря Іван Данилович",14,9,8767
"Птахи",4,2,8766
"Подагра",1,1,8747
"Безробіття",1,1,8739
"Члени речення",0,0,8714
"Ароморфоз",0,0,8699
"Головний мозок людини",3,2,8695
"Закарпатська область",3,3,8694
"Місцеве самоврядування в Україні",1,1,8675
"Податок",1,1,8641
"Обставина",0,0,8634
"Зодіак",1,1,8605
"Чарлі і шоколадна фабрика (фільм)",0,0,8600
"Анемія",0,0,8598
"Імпресіонізм",0,0,8597
"Товариство «Просвіта» (1868—1939)",0,0,8594
"Ернест Хемінгуей",0,0,8586
"Колективізація в СРСР",0,0,8581
"Директорія Української Народної Республіки",1,1,8557
"Європа",0,0,8527
"Природно-заповідний фонд України",0,0,8522
"Вірус імунодефіциту людини",1,1,8494
"Кріштіану Роналду",14,6,8492
"Вшанування пам'яті Тараса Шевченка",0,0,8488
"Електрична напруга",24,2,8472
"Адміністративне стягнення",0,0,8451
"Вітаміни",0,0,8445
"Гоголь Микола Васильович",4,4,8438
"Перехід церковних громад до УПЦ КП і ПЦУ",0,0,8436
"Вибори в Україні",0,0,8434
"MARUV",4,3,8419
"Test",0,0,8418
"Держава",6,3,8407
"Габрієль Гарсія Маркес",0,0,8400
"Міста України (за алфавітом)",5,3,8394
"Правопорушення",0,0,8388
"Усик Олександр Олександрович",2,2,8388
"Міжнародний день польоту людини в космос",1,1,8358
"Революційна українська партія",1,1,8352
"Леонардо да Вінчі",0,0,8351
"Статеве розмноження",0,0,8337
"Лондон",2,2,8326
"Підприємництво",3,2,8325
"Азія",1,1,8325
"Катерина (поема)",1,1,8318
"Бельгія",6,3,8315
"Чорнобильська атомна електростанція",0,0,8313
"Дональд Трамп",2,2,8305
"Середньовіччя",2,2,8302
"Дніпропетровська область",5,4,8279
"Південно-Африканська Республіка",4,4,8273
"Слов'яни",3,2,8262
"Фредді Мерк'юрі",2,2,8258
"Юридична відповідальність",1,1,8241
"Анджеліна Джолі",5,4,8240
"Ілон Маск",13,6,8234
"Ахметов Рінат Леонідович",0,0,8230
"Прискорення",0,0,8224
"Засоби масової інформації",0,0,8221
"Ґрунт",5,2,8209
"Геращенко Ірина Володимирівна",4,3,8206
"Антропогенний вплив на природу",4,3,8186
"Сінгапур",6,4,8180
"Комаровський Євген Олегович",4,4,8177
"Лохина",0,0,8169
"Школа (телесеріал, 2018)",6,6,8154
"Націоналізація ПриватБанку",2,2,8136
"Месники: Війна нескінченності",11,4,8135
"Українська культура XIX століття",?,?,8126
"Чехія",1,1,8120
"Дисидентський рух у СРСР",0,0,8104
"Філософія",2,2,8097
"Симоненко Василь Андрійович",0,0,8077
"Парниковий ефект",2,2,8070
"Прямий",11,7,8039
"Дністер",6,5,8039
"Лелека білий",1,1,8032
"Голонасінні",0,0,8029
"Кіт свійський",1,1,8028
"Аліса у Дивокраї",1,1,8025
"Австро-Угорщина",6,3,8018
"Кунілінгус",1,1,8013
"Російська збройна агресія проти України (з 2014)",0,0,8010
"Додаток (мовознавство)",2,2,8009
"Кримське ханство",4,4,7976
"Вільям Шекспір",0,0,7964
"Південна Америка",3,3,7961
"Вакарчук Святослав Іванович",1,1,7959
"Instagram",19,9,7954
"Супрун Уляна Надія",7,4,7943
"Чекалкін Дмитро Валерійович",0,0,7942
"Список об'єктів Світової спадщини ЮНЕСКО в Європі та Північній Америці",0,0,7925
"Бої за Іловайськ",2,2,7918
"Вовк",4,4,7909
"Буддизм",3,1,7909
"Сенсорна система",1,1,7906
"Реформи Петра I",2,1,7900
"Вінниця",10,5,7894
"Поливаний понеділок",6,4,7870
"Інфекційний мононуклеоз",0,0,7868
"Світова спадщина ЮНЕСКО",0,0,7863
"Склад злочину",0,0,7863
"Володимир Святославич",2,2,7849
"Вікова структура населення України",0,0,7848
"Микола Хвильовий",2,2,7841
"Синдром Туретта",0,0,7836
"Сполучник",0,0,7834
"Корупція",4,2,7831
"Таблиця похідних",0,0,7819
"Міжнародна система одиниць (СІ)",0,0,7810
"Фотоефект",0,0,7809
"Центр Разумкова",0,0,7802
"Бойко Юрій Анатолійович (міністр)",0,0,7802
"Парубій Андрій Володимирович",3,3,7802
"Кропивницький",4,4,7789
"Економіка Сполучених Штатів Америки",1,1,7763
"Адміністративне правопорушення",0,0,7762
"Каменських Анастасія Олексіївна",0,0,7762
"Артеріальна гіпертензія",0,0,7760
"Хрущовська відлига",1,1,7732
"Ленін Володимир Ілліч",3,3,7730
"Тоталітаризм",0,0,7725
"Синтетична теорія еволюції",2,1,7721
"Патрік Зюскінд",0,0,7720
"Інавгурація",0,0,7719
"Тепловий двигун",1,1,7715
"Українська діаспора",0,0,7706
"Китайська Народна Республіка",0,0,7701
"Розмноження",3,2,7699
"Латинська Америка",0,0,7687
"Ліонель Мессі",23,7,7685
"Епітет",0,0,7685
"Хома Михайло Степанович",1,1,7673
"Розподіл державної влади",1,1,7666
"Природоохоронні території України",0,0,7663
"Плазуни",1,1,7662
"Петро Дорошенко",2,2,7652
"1+1",9,5,7647
"Кличко Віталій Володимирович",2,2,7646
"Норвегія",6,5,7640
"Глобальні проблеми людства",4,3,7639
"Словаччина",2,2,7621
"Сім'я",0,0,7615
"Рада Європи",0,0,7607
"Жувальна гумка",1,1,7605
"Трудовий договір",1,1,7603
"Катерина II",5,5,7601
"Клітор",2,2,7583
"Комп'ютерний вірус",0,0,7577
"Служба безпеки України",1,1,7574
"Турчинов Олександр Валентинович",4,4,7570
"Голокост",4,3,7566
"Кам'янець-Подільський",6,6,7563
"Антуан де Сент-Екзюпері",0,0,7561
"Українське національне відродження",0,0,7559
"Кислоти",0,0,7555
"Німецько-радянська війна",8,4,7554
"Монатик Дмитро Сергійович",0,0,7546
"Умовний рефлекс",0,0,7539
"Дихання",0,0,7529
"Верба",0,0,7526
"Ярослав Мудрий",0,0,7523
"Степ",0,0,7517
"Шазам! (фільм)",14,6,7515
"Харчова промисловість України",0,0,7506
"Норма права",0,0,7500
"Діва Монро",2,2,7493
"Кровотеча",1,1,7480
"БДСМ",0,0,7473
"Голобородько Василь Іванович",1,1,7465
"Шевченко Андрій Миколайович",0,0,7456
"DZIDZIO",2,2,7446
"Період застою",2,2,7441
"Політичні партії України",3,2,7436
"Органи державної влади",0,0,7407
"Реалізм",0,0,7405
"24 (телеканал)",0,0,7404
"Чоловіча статева система",0,0,7396
"Українська культура XX — початку XXI століття",?,?,7396
"Мішаний ліс",3,2,7392
"Румунія",3,3,7390
"Мефедрон",0,0,7382
"Дієприслівник",0,0,7376
"Винник Олег Анатолійович",15,6,7374
"Герберт Уеллс",0,0,7371
"Літературні жанри",0,0,7362
"Дієздатність",0,0,7357
"Дрозд Володимир Григорович",2,2,7348
"Товариство «Сокіл» (Україна)",0,0,7340
"Новела",2,1,7339
"Вид",0,0,7332
"Числівник",0,0,7324
"Глобалізація",0,0,7317
"Екзистенціалізм",0,0,7316
"Козаки",1,1,7307
"Товариство з обмеженою відповідальністю",0,0,7307
"Світова організація торгівлі",1,1,7304
"Список країн за площею",1,1,7297
"Культура епохи Відродження",0,0,7297
"Земля",1,1,7296
"HTML",23,4,7283
"Метафора",1,1,7283
"Хвороба Лайма",2,2,7262
"Список областей України за чисельністю населення",0,0,7260
"Українська радикальна партія (1890)",0,0,7257
"Пилип Орлик",5,4,7245
"Пономаренко Любов Петрівна",0,0,7245
"Нептун (крилата ракета)",11,8,7240
"Гривня",1,1,7231
"База даних",0,0,7215
"Іменник",0,0,7189
"Еритроцити",0,0,7188
"Іван Сірко",0,0,7175
"Південна Корея",3,2,7162
"Військові звання України",1,1,7153
"Корчинський Дмитро Олександрович",2,2,7143
"Кріпацтво",0,0,7140
"Список позначень у фізиці",0,0,7134
"KHAYAT",0,0,7123
"Список річок України",1,1,7119
"Пам'ять",0,0,7117
"Кров",0,0,7113
"Знаки зодіаку",1,1,7108
"Мейоз",4,4,7105
"Хвороби, що передаються статевим шляхом",0,0,7083
"Агностицизм",0,0,7080
"Державний устрій",0,0,7060
"Гадяцький договір",2,2,7057
"Кухня (телесеріал)",3,2,7046
"Гуцало Євген Пилипович",0,0,7045
"Valse melancolique (новела)",0,0,7037
"Частка (мовознавство)",0,0,7037
"Моріс Метерлінк",3,3,7031
"Артеріальний тиск",0,0,7018
"Прискорення вільного падіння",1,1,7012
"Промисловість України",3,3,7006
"Ричкова Тетяна Борисівна",1,1,7006
"Дифтерія",3,2,6986
"Англія",0,0,6986
"Лісостеп",0,0,6977
"Бонні та Клайд",3,3,6974
"Трипільська культура",1,1,6959
"Комп'ютер",1,1,6959
"Іван IV Грозний",0,0,6949
"Біологічна класифікація",0,0,6943
"Кузьменко Андрій Вікторович",0,0,6939
"Питома теплоємність",0,0,6925
"Львівська область",2,2,6925
"Хрещення Русі",0,0,6911
"Поліомієліт",3,3,6905
"Парламентсько-президентська республіка",0,0,6896
"Тундра",5,3,6895
"Швеція",0,0,6877
"Цвєтаєва Марина Іванівна",4,3,6876
"Економіка",1,1,6870
"Прапор України",5,5,6857
"Розпад СРСР",1,1,6845
"Однорідні члени речення",0,0,6840
"Виникнення життя на Землі",5,4,6840
"Земноводні",1,1,6840
"Генрік Ібсен",1,1,6836
"Мексика",3,3,6831
"Синдром Дауна",5,5,6827
"Компас (сузір'я)",8,3,6826
"Савченко Надія Вікторівна",5,3,6823
"Вибори",0,0,6821
"Корисні копалини України",1,1,6818
"Ведмідь бурий",4,3,6799
"Луцьк",16,10,6796
"Епілепсія",5,2,6782
"Європейська інтеграція",1,1,6780
"Данія",1,1,6772
"Октавіан Август",5,2,6752
"Шухевич Роман Осипович",6,3,6749
"Колізей",2,1,6746
"Тернопіль",1,1,6746
"Фізична особа-підприємець",0,0,6741
"Греція",1,1,6735
"Археї",0,0,6733
"Петлюра Симон Васильович",3,3,6730
"Галичина",1,1,6720
"Попит і пропозиція",1,1,6714
"Чума",0,0,6700
"Тероризм",1,1,6690
"Чернівці",7,5,6680
"Сто років самотності",9,7,6680
"Політична партія",0,0,6676
"Малоросійська колегія",2,2,6676
"Південний Буг",3,3,6657
"Клітина",1,1,6656
"Праця неповнолітніх",0,0,6652
"Трансплантація",2,1,6647
"Українські прізвища",0,0,6646
"Група крові",4,3,6638
"Маруся Чурай (роман)",0,0,6637
"Культура Стародавнього Риму",2,2,6634
"Голос країни",14,8,6630
"Шпага Славка Беркути",0,0,6629
"11 дітей з Моршина",10,2,6626
"Державний кордон України",0,0,6614
"Прокаріоти",0,0,6613
"Троїстий союз",0,0,6611
"Кровообіг",0,0,6605
"Сусіди регіонів України",0,0,6604
"Кримінальна відповідальність",0,0,6603
"Мюнхенська угода",6,1,6602
"Камінний хрест (новела)",1,1,6596
"Кобилянська Ольга Юліанівна",0,0,6591
"Річка",0,0,6591
"Опік",1,1,6590
"Коліївщина",2,1,6589
"Ужгород",4,3,6586
"Співак Дмитро Павлович",?,?,6585
"Нафта",1,1,6580
"Парламентські вибори в Україні 2014",2,2,6577
"Собор Паризької Богоматері (роман)",0,0,6575
"Альдегіди",13,6,6569
"Список областей України за площею",2,2,6561
"Кревська унія",2,2,6547
"Список лікарських рослин",?,?,6538
"Щитоподібна залоза",0,0,6534
"Частини мови",1,1,6517
"Гонорея",1,1,6516
"Пікалов Олександр Вікторович",3,2,6513
"Причини Другої світової війни",3,2,6509
"Ідіоадаптація",0,0,6504
"Список померлих 2019 року",53,9,6498
"Головний мозок",4,2,6489
"Канівський природний заповідник",1,1,6488
"Штучний добір",0,0,6480
"Байкал",0,0,6477
"Темперамент",0,0,6476
"Слухова система людини",0,0,6475
"Атмосфера Землі",0,0,6475
"Народовці",2,2,6473
"Антропогенез",2,2,6470
"Сучасна українська література",0,0,6468
"Хромосома",2,1,6460
"Республіка",0,0,6439
"Адіабатичний процес",0,0,6437
"Айзек Азімов",0,0,6434
"Адаптація (біологія)",0,0,6434
"Лібералізм",1,1,6432
"День прикордонника (Україна)",0,0,6429
"Тарас Тополя",0,0,6423
"Ткаченко Володимир Сергійович",0,0,6414
"Рівне",5,4,6413
"Індивідуальний податковий номер",0,0,6407
"Таємниці (телесеріал)",0,0,6406
"Ляшко Олег Валерійович",1,1,6397
"Ейфелева вежа",3,3,6392
"Товариство українських поступовців",1,1,6385
"Оргазм",1,1,6381
"Ревматизм",0,0,6379
"Гострий тонзиліт",1,1,6377
"Верховна Рада України VIII скликання",0,0,6373
"Ембріональний розвиток",0,0,6367
"Торф",0,0,6356
"Синевир",3,2,6348
"Зовнішня торгівля України",10,1,6348
"Грузія",1,1,6342
"Кількість теплоти",0,0,6338
"Коцюбинський Михайло Михайлович",1,1,6335
"Мастурбація",1,1,6332
"Роксолана",3,2,6324
"Чорна діра",4,2,6315
"Яценюк Арсеній Петрович",0,0,6307
"Луценко Юрій Віталійович",12,4,6299
"Тіні забутих предків (повість)",0,0,6298
"Типи озер",0,0,6291
"Протестантизм",1,1,6278
"Повітряна куля",4,3,6267
"Юридична особа",0,0,6266
"Івано-Франківська область",9,4,6260
"Область України",0,0,6254
"Великий четвер",0,0,6250
"Федеративна держава",0,0,6249
"Іслам",4,4,6248
"Кислотні дощі",0,0,6247
"Тюльпан",0,0,6234
"Люксембург",1,1,6233
"Стафілокок",0,0,6231
"Віково-статева піраміда",0,0,6228
"Олена Фроляк",2,2,6226
"Москвофільство",0,0,6223
"Закон збереження енергії",2,2,6217
"Правовідносини",1,1,6216
"Список озер України",1,1,6215
"Риби",2,2,6213
"Пієлонефрит",0,0,6210
"Вагітність",1,1,6206
"Потапенко Олексій Андрійович",14,8,6197
"Право власності",0,0,6192
"Характер (психологія)",0,0,6189
"Жіноча статева система",0,0,6188
"Хмельницький",10,6,6186
"Ринкова економіка",0,0,6180
"Операція «Вісла»",3,2,6176
"T-Fest",16,15,6173
"День Європи",0,0,6170
"Водорості",0,0,6168
"Антанта",0,0,6164
"Інформаційні технології",3,1,6160
"Травна система",0,0,6154
"Людина",3,3,6150
"Українські гетьмани і кошові отамани",1,1,6148
"Енеїда (Котляревський)",2,2,6147
"Говерла",1,1,6141
"Ботанічний сад",0,0,6128
"Українська революція",0,0,6128
"Петро Порошенко",0,0,6128
"Докази еволюції",1,1,6127
"Ізобаричний процес",0,0,6124
"Поділи Речі Посполитої",0,0,6123
"Підприємство",0,0,6123
"Молдова",1,1,6122
"Сказ",0,0,6121
"Єдиний соціальний внесок",0,0,6119
"Швидкість",2,2,6119
"Нестайко Всеволод Зіновійович",6,3,6115
"12-годинний формат часу",0,0,6114
"Націоналізм",0,0,6111
"Люблінська унія",0,0,6110
"Полісся",1,1,6097
"Скло (фільм, 2019)",0,0,6097
"Урбанізація",0,0,6096
"Слобідська Україна",0,0,6093
"Тайна вечеря (картина да Вінчі)",0,0,6091
"Пеніс",0,0,6083
"Тайга",3,3,6082
"Кирило-Мефодіївське товариство",0,0,6080
"Кошулинський Руслан Володимирович",2,2,6079
"Реактивний рух",0,0,6079
"Колабораціонізм",1,1,6078
"День Землі",3,1,6076
"Монгольська навала на Русь",0,0,6075
"Релігія",0,0,6073
"Побічна дія (медицина)",1,1,6071
"Синонім",0,0,6070
"Конвалія звичайна",4,1,6055
"Маркетинг",1,1,6055
"Горбачов Михайло Сергійович",1,1,6053
"Отто фон Бісмарк",0,0,6051
"Середньовічна освіта",9,2,6044
"Дорофєєва Надія Володимирівна",12,8,6041
"Пеле",1,1,6039
"Взаємовідносини між організмами",2,2,6036
"Олімпійські ігри",1,1,6036
"Найдовші річки України",2,2,6035
"Президентсько-парламентська республіка",0,0,6034
"Ізохоричний процес",0,0,6031
"Масонство",8,2,6029
"Капітан Марвел (фільм)",5,4,6029
"Акутаґава Рюноске",7,7,6027
"Ткач Юрій Костянтинович",7,6,6020
"Чарлі і шоколадна фабрика",0,0,6019
"Біосферні заповідники України",1,1,6017
"Магдебурзьке право",7,4,6009
"Десять заповідей",0,0,6008
"Лаура Кодруца Кевеші",0,0,6003
"Лисичка (сузір'я)",0,0,6002
"Україна в Другій світовій війні",0,0,5995
"Центр «Миротворець»",13,6,5990
"Кличко Володимир Володимирович",2,2,5983
"ЮНЕСКО",0,0,5979
"Картопля",1,1,5974
"Означення (мовознавство)",0,0,5972
"Запліднення",0,0,5970
"Пласт (організація)",1,1,5965
"Українська Держава",1,1,5951
"Папоротеподібні",2,2,5948
"Лукашенко Олександр Григорович",0,0,5941
"Потужність",4,2,5934
"Заповідник",0,0,5928
"Нуклеїнові кислоти",1,1,5927
"Нові індустріальні країни",0,0,5924
"Справа Бейліса",1,1,5919
"Народний депутат України",4,2,5914
"Париж",5,4,5910
"Форт-12",0,0,5909
"Нова Зеландія",1,1,5906
"Каучук",0,0,5903
"Сухомлинський Василь Олександрович",0,0,5903
"Право",1,1,5896
"Булдаков Олексій Іванович",14,7,5895
"Ганс Крістіан Андерсен",2,2,5891
"Український П'ємонт",0,0,5889
"Регенерація (біологія)",0,0,5885
"Бенюк Петро Михайлович",26,10,5884
"Поверхневий натяг",0,0,5879
"Макроеволюція",0,0,5877
"Іван Виговський",1,1,5868
"Секс",3,3,5867
"Атом",0,0,5861
"Фемінізм",3,3,5858
"Вухо",4,3,5852
"Мейсі Вільямс",0,0,5851
"Кооперативний рух в Україні",2,1,5850
"Небесна сотня",1,1,5846
"Александр Македонський",25,8,5840
"Вольфганг Амадей Моцарт",4,4,5830
"Ан-225 «Мрія»",0,0,5827
"Березовець Тарас Валерійович",7,4,5821
"Фірташ Дмитро Васильович",1,1,5814
"Аритмії серця",0,0,5812
"Анілін",0,0,5810
"Українські землі у складі Польщі 1919-1938",1,1,5807
"Сульфатна кислота",0,0,5806
"Москва",13,4,5805
"Титанік",3,3,5802
"Кам'яне вугілля",1,1,5799
"П'ятирічки СРСР",0,0,5793
"Короста",2,2,5791
"Тимошенко Юрій Володимирович",4,2,5791
"Пожежа в Соборі Паризької Богоматері (2019)",1,1,5791
"Спинний мозок",0,0,5786
"Герб України",13,5,5783
"Інсульт",0,0,5778
"Кравець Олена Юріївна",1,1,5775
"Гайморит",0,0,5772
"Промислова революція",7,5,5767
"Кон'юнктивіт",0,0,5762
"Західна Україна",1,1,5760
"Сон",2,2,5758
"Комахи",0,0,5751
"Політична система",2,1,5746
"Підшлункова залоза",0,0,5742
"G7",0,0,5738
"Густина",0,0,5735
"Основи (хімія)",0,0,5735
"Міхеіл Саакашвілі",1,1,5731
"Українці",6,4,5724
"Декларація про державний суверенітет України",0,0,5721
"Українська культура в період Галицько-Волинської держави",?,?,5721
"Чорне дзеркало",2,2,5721
"Google",14,8,5712
"Сім чудес України",0,0,5710
